------;Straftaten insgesamt;5961662
0;Straftaten gegen das Leben;2951
10000;Mord § 211 StGB darunter:;647
10079;Sonstiger Mord;602
11000;Mord im Zusammenhang mit Raubdelikten;39
12000;Mord im Zusammenhang mit Sexualdelikten;6
20000;Totschlag und Tötung auf Verlangen §§ 212, 213, 216 StGB;1475
20010;Totschlag § 212 StGB;1466
20020;Minder schwerer Totschlag § 213 StGB;2
20030;Tötung auf Verlangen § 216 StGB;7
30000;Fahrlässige Tötung § 222 StGB - nicht i.V.m. Verkehrsunfall -;754
40000;Abbruch der Schwangerschaft §§ 218, 218b, 218c, 219a, 219b StGB;75
40010;Schwangerschaftsabbruch § 218 StGB;61
40020;Schwangerschaftsabbruch ohne ärztliche Feststellung, unrichtige ärztliche Feststellung § 218b StGB;2
40030;Ärztliche Pflichtverletzung § 218c StGB;1
40040;Werbung für den Abbruch der Schwangerschaft § 219a StGB;11
40050;Inverkehrbringen von Mitteln Schwangerschaftsabbruch § 219b StGB;0
100000;Straftaten gegen die sexuelle Selbstbestimmung;46793
110000;Straftaten gegen die sexuelle Selbstbestimmung unter Gewaltanwendung oder Ausnutzen eines Abhängigkeitsverhältnisses §§ 174, 174a, 174b, 174c, 177, 178 StGB davon:;12897
111000;Vergewaltigung und sexuelle Nötigung §§ 177 Abs. 2, 3 und 4, 178 StGB davon:;7408
111100;Vergewaltigung überfallartig (Einzeltäter) gemäß § 177 Abs. 2 Nr. 1, Abs. 3 und 4 StGB;1305
111200;Vergewaltigung überfallartig (durch Gruppen) gemäß § 177 Abs. 2 Nr. 2 StGB;136
111300;Vergewaltigung durch Gruppen gemäß § 177 Abs. 2 Nr. 2 StGB;287
111400;Sonstige Straftaten gemäß § 177 Abs. 2 Nr. 1, Abs. 3 und 4 StGB;5679
111500;Vergewaltigung/sexuelle Nötigung mit Todesfolge § 178 StGB;1
112000;Sonstige sexuelle Nötigung § 177 Abs. 1 und 5 StGB;4868
113000;Sexueller Missbrauch von Schutzbefohlenen pp., unter Ausnutzung einer Amtsstellung oder eines Vertrauensverhältnisses §§ 174, 174a-c StGB darunter:;621
113010;Sexueller Missbrauch von Schutzbefohlenen ab 14 Jahren § 174  StGB;460
113020;Sexueller Missbrauch von Gefangenen/Verwahrten usw. ab 14 Jahren § 174a StGB;35
113030;Sexueller Missbrauch - Ausnutzung einer Amtsstellung zum Nachteil von Personen ab 14 Jahren § 174b StGB;3
113040;Sexueller Missbrauch - Ausnutzung eines Beratungs-/Behandlungs-/Betreuungsverhältnisses zum Nachteil von Personen ab 14 Jahren § 174c StGB;123
130000;Sexueller Missbrauch §§ 176, 176a, 176b, 179, 182, 183, 183a StGB davon:;22433
131000;Sexueller Missbrauch von Kindern §§ 176, 176a, 176b StGB darunter:;12437
131010;Sexuelle Handlungen gemäß § 176 Abs. 5 StGB;139
131100;Sexuelle Handlungen gemäß § 176 Abs. 1 und 2 StGB;5600
131200;Exhibitionistische/sexuelle Handlungen vor Kindern § 176 Abs. 4 Nr. 1 StGB;1889
131300;Sexuelle Handlungen gemäß § 176 Abs. 4 Nr. 2 StGB;592
131400;Einwirken auf Kinder gemäß § 176 Abs. 4 Nr. 3 und 4 StGB;1464
131500;Vollzug des Beischlafs mit einem Kind oder Vornahme einer ähnlichen sexuellen Handlung nach § 176a Abs. 2 Nr. 1 StGB;1083
131600;Schwerer sexueller Missbrauch von Kindern zur Herstellung und Verbreitung pornographischer Schriften § 176a Abs. 3 StGB;132
131700;Sonstiger schwerer sexueller Missbrauch von Kindern gemäß § 176a StGB;1537
131800;Sexueller Missbrauch von Kindern mit Todesfolge § 176b StGB;1
132000;Exhibitionistische Handlungen und Erregung öffentlichen Ärgernisses §§ 183, 183a StGB;7521
132010;Exhibitionistische Handlungen § 183 StGB;6766
132020;Erregung öffentlichen Ärgernisses § 183a StGB;755
133000;Sexueller Missbrauch von Jugendlichen § 182 StGB;1084
134000;Sexueller Missbrauch Widerstandsunfähiger § 179 StGB;1391
140000;Ausnutzen sexueller Neigung gemäß §§ 180, 180a, 181a, 184, 184a, 184b, 184c, 184d, 184e, 184f StGB darunter:;11463
140010;Ausübung der verbotenen Prostitution § 184e StGB;1567
140020;Jugendgefährdende Prostitution § 184f StGB;16
141000;Förderung sexueller Handlungen Minderjähriger oder Ausbeuten von Prostituierten §§ 180, 180a StGB davon:;119
141100;Förderung sexueller Handlungen Minderjähriger § 180 StGB;84
141200;Ausbeuten von Prostituierten § 180a StGB;35
142000;Zuhälterei gemäß § 181a StGB;273
143000;Verbreitung pornographischer Schriften (Erzeugnisse) gemäß §§ 184, 184a, 184b, 184c, 184d StGB darunter:;9488
143010;Sonstige Verbreitung pornographischer Schriften (Erzeugnisse) gemäß § 184 StGB;807
143020;Verbreitung gewalt- oder tierpornographischer Schriften gemäß § 184a StGB;168
143030;Verbreitung pornographischer Darbietungen durch Rundfunk, Medien- oder Teledienste gemäß § 184d StGB;103
143100;Verbreitung pornographischer Schriften (Erzeugnisse) an Personen unter 18 Jahren § 184 Abs. 1 Nr. 1, 2, 5 StGB;863
143200;Verbreitung kinderpornographischer Schriften (Erzeugnisse) durch gewerbs-/bandenmäßiges Handeln gemäß § 184b Abs. 3 StGB;76
143300;Besitz/Verschaffung von Kinderpornographie gemäß § 184b Abs. 2 und 4 StGB;4144
143400;Verbreitung von Kinderpornographie gemäß § 184b Abs. 1 StGB;2471
143500;Verbreitung jugendpornographischer Schriften (Erzeugnisse) durch gewerbs-/ bandenmäßiges Handeln gemäß § 184c Abs. 3 StGB;9
143600;Besitz/Verschaffung von Jugendpornographie gemäß § 184c Abs. 2 und 4 StGB;400
143700;Verbreitung von Jugendpornographie gemäß § 184c Abs. 1 StGB;447
200000;Rohheitsdelikte und Straftaten gegen die persönliche Freiheit;775956
210000;Raub, räuberische Erpressung und räuberischer Angriff auf Kraftfahrer §§ 249-252, 255, 316a StGB darunter:;47234
210010;Sonstiger Raub § 249 StGB;3281
210020;Sonstiger schwerer Raub § 250 StGB;987
210030;Sonstiger Raub mit Todesfolge § 251 StGB;0
210040;Räuberischer Diebstahl § 252 StGB;8183
210050;Sonstige räuberische Erpressung § 255 StGB;2972
211000;Raub, räuberische Erpressung auf/gegen Geldinstitute, Postfilialen und -agenturen davon:;260
211100;Raub, räuberische Erpressung auf/gegen Geldinstitute (Banken/Sparkassen);207
211110;Raub auf Geldinstitute (Banken/Sparkassen) § 249 StGB;6
211120;Schwerer Raub auf Geldinstitute (Banken/Sparkassen) § 250 StGB;57
211130;Raub mit Todesfolge auf Geldinstitute (Banken/Sparkassen) § 251 StGB;0
211150;Räuberische Erpressung gegen Geldinstitute (Banken/Sparkassen) § 255 StGB;144
211200;Raub, räuberische Erpressung auf/gegen Postfilialen und -agenturen;53
211210;Raub auf Postfilialen und -agenturen § 249 StGB;9
211220;Schwerer Raub auf Postfilialen und -agenturen § 250 StGB;30
211230;Raub mit Todesfolge auf Postfilialen und -agenturen § 251 StGB;0
211250;Räuberische Erpressung gegen Postfilialen und -agenturen § 255 StGB;14
212000;Raub, räuberische Erpressung auf/gegen sonstige Zahlstellen und Geschäfte darunter:;3997
212010;Raub auf sonstige Zahlstellen oder Geschäfte § 249 StGB;301
212020;Schwerer Raub auf sonstige Zahlstellen oder Geschäfte § 250 StGB;1193
212030;Raub mit Todesfolge auf sonstige Zahlstellen oder Geschäfte § 251 StGB;0
212050;Räuberische Erpressung gegen sonstige Zahlstellen oder Geschäfte § 255 StGB;723
212100;Raub, räuberische Erpressung auf/gegen Spielhallen;1098
212110;Raub auf Spielhallen § 249 StGB;154
212120;Schwerer Raub auf Spielhallen § 250 StGB;618
212130;Raub mit Todesfolge auf Spielhallen § 251 StGB;0
212150;Räuberische Erpressung gegen Spielhallen § 255 StGB;326
212200;Raub, räuberische Erpressung auf/gegen Tankstellen;682
212210;Raub auf Tankstellen § 249 StGB;78
212220;Schwerer Raub auf Tankstellen § 250 StGB;325
212230;Raub mit Todesfolge auf Tankstellen § 251 StGB;0
212250;Räuberische Erpressung gegen Tankstellen § 255 StGB;279
213000;Geld- und Werttransporte davon:;109
213100;Raub, räuberische Erpressung auf/gegen Geld- und Kassenboten;109
213110;Raub auf Geld- und Kassenboten § 249 StGB;51
213120;Schwerer Raub auf Geld- und Kassenboten § 250 StGB;50
213130;Raub mit Todesfolge auf Geld- und Kassenboten § 251 StGB;0
213150;Räuberische Erpressung gegen Geld- und Kassenboten § 255 StGB;8
213200;Raub, räuberische Erpressung auf/gegen Spezialgeldtransportfahrzeuge;0
213210;Raub auf Spezialgeldtransportfahrzeuge § 249 StGB;0
213220;Schwerer Raub auf Spezialgeldtransportfahrzeuge § 250 StGB;0
213230;Raub mit Todesfolge auf Spezialgeldtransportfahrzeuge § 251 StGB;0
213250;Räuberische Erpressung gegen Spezialgeldtransportfahrzeuge § 255 StGB;0
214000;Räuberischer Angriff auf Kraftfahrer § 316a StGB darunter:;269
214079;Räuberischer Angriff auf sonstige Kraftfahrer;112
214100;Beraubung von Taxifahrern;157
216000;Handtaschenraub;2796
216010;Handtaschenraub gemäß § 249 StGB;2624
216020;Handtaschenraub gemäß § 250 StGB;142
216030;Handtaschenraub mit Todesfolge gemäß § 251 StGB;2
216050;Räuberische Erpressung bei Handtaschenraub gemäß § 255 StGB;28
217000;Sonstige Raubüberfälle auf Straßen, Wegen oder Plätzen;21349
217010;Sonstiger Raub auf Straßen, Wegen oder Plätzen § 249 StGB;14064
217020;Sonstiger schwerer Raub auf Straßen, Wegen oder Plätzen § 250 StGB;2854
217030;Sonstiger Raub mit Todesfolge auf Straßen, Wegen oder Plätzen § 251 StGB;3
217050;Sonstige räuberische Erpressung auf Straßen, Wegen oder Plätzen § 255 StGB;4428
218000;Raub zur Erlangung von Betäubungsmitteln;140
218010;Raub zur Erlangung von Betäubungsmitteln gemäß § 249 StGB;63
218020;Schwerer Raub zur Erlangung von Betäubungsmitteln gemäß § 250 StGB;37
218030;Raub mit Todesfolge  zur Erlangung von Betäubungsmitteln gemäß § 251 StGB;0
218050;Räuberische Erpressung zur Erlangung von Betäubungsmitteln gemäß § 255 StGB;40
219000;Raubüberfälle in Wohnungen;2891
219010;Raub in Wohnungen gemäß § 249 StGB;1341
219020;Schwerer Raub in Wohnungen gemäß § 250 StGB;771
219030;Raub mit Todesfolge in Wohnungen gemäß § 251 StGB;2
219050;Räuberische Erpressung in Wohnungen gemäß § 255 StGB;777
220000;Körperverletzung §§ 223-227, 229, 231 StGB davon:;533590
221000;Körperverletzung mit Todesfolge §§ 227, 231 StGB;92
221010;Körperverletzung mit Todesfolge § 227 StGB;92
221020;Beteiligung an einer Schlägerei mit Todesfolge gemäß § 231 StGB;0
222000;Gefährliche und schwere Körperverletzung §§ 224, 226, 231 StGB darunter:;127869
222010;Sonstige Tatörtlichkeit bei gefährlicher Körperverletzung gemäß § 224 StGB;69555
222020;Sonstige Tatörtlichkeit bei schwerer Körperverletzung § 226 StGB;410
222030;Sonstige Tatörtlichkeit bei Beteiligung an einer Schlägerei ohne Todesfolge § 231 StGB;29
222100;Gefährliche und schwere Körperverletzung auf Straßen, Wegen oder Plätzen;57875
222110;Gefährliche Körperverletzung gemäß § 224 StGB auf Straßen, Wegen oder Plätzen;57614
222120;Schwere Körperverletzung auf Straßen, Wegen oder Plätzen § 226 StGB;206
222130;Beteiligung an einer Schlägerei ohne Todesfolge auf Straßen, Wegen oder Plätzen § 231 StGB ;55
223000;Misshandlung von Schutzbefohlenen § 225 StGB darunter:;4650
223001;Misshandlung Schutzbefohlener ab 14 Jahren ;1125
223100;Misshandlung von Kindern;3525
224000;(Vorsätzliche leichte) Körperverletzung § 223 StGB;378747
225000;Fahrlässige Körperverletzung § 229 StGB;22232
230000;Straftaten gegen die persönliche Freiheit §§ 232-233a, 234, 235, 236, 237, 238-239b, 240, 241, 316c StGB davon:;195132
231000;Menschenraub, Entziehung Minderjähriger, Kinderhandel §§ 234, 235, 236 StGB davon:;1702
231100;Menschenraub § 234 StGB;7
231200;Entziehung Minderjähriger § 235 StGB;1684
231300;Kinderhandel § 236 StGB;11
232000;Zwangsheirat, Nachstellung (Stalking), Freiheitsberaubung, Nötigung, Bedrohung §§ 237, 238, 239, 240, 241 StGB davon:;192695
232100;Freiheitsberaubung § 239 StGB;4837
232200;Nötigung § 240 StGB;64717
232201;Nötigung im Straßenverkehr gemäß § 240 Abs. 1 StGB;29157
232279;Sonstige Nötigung gemäß § 240 Abs. 1 und 4 StGB;35560
232300;Bedrohung § 241 StGB;99248
232400;Nachstellung (Stalking) gemäß § 238 StGB;23831
232410;Nachstellung (Stalking) gemäß § 238, Abs. 1 StGB;23482
232420;Nachstellung (Stalking) gemäß § 238, Abs. 2 StGB;333
232430;Nachstellung (Stalking) gemäß § 238, Abs. 3 StGB;16
232500;Zwangsheirat § 237 StGB;62
233000;Erpresserischer Menschenraub § 239a StGB darunter:;85
233079;Sonstiger erpresserischer Menschenraub;79
233100;Erpresserischer Menschenraub i.V.m. Raubüberfall auf Geldinstitute, Postfilialen und -agenturen;3
233200;Erpresserischer Menschenraub i.V.m. Raubüberfall auf sonstige Zahlstellen und Geschäfte;3
233300;Erpresserischer Menschenraub i.V.m. Raubüberfall auf Geld- und Werttransporte;0
234000;Geiselnahme § 239b StGB darunter:;35
234079;Sonstige Geiselnahme;34
234100;Geiselnahme i.V.m. Raubüberfall auf Geldinstitute, Postfilialen und -agenturen;1
234200;Geiselnahme i.V.m. Raubüberfall auf sonstige Zahlstellen und Geschäfte;0
234300;Geiselnahme i.V.m. Raubüberfall auf Geld- und Werttransporte;0
235000;Angriff auf den Luft- und Seeverkehr § 316c StGB;2
236000;Menschenhandel zum Zweck der sexuellen Ausbeutung gemäß § 232 StGB davon:;473
236100;Menschenhandel zum Zweck der sexuellen Ausbeutung gemäß § 232 Abs. 1 StGB;303
236200;Menschenhandel z.N.v. Kindern zum Zweck der sexuellen Ausbeutung gemäß § 232 Abs.3 Nr. 1 StGB ;8
236300;Menschenhandel zum Zweck der sexuellen Ausbeutung gemäß § 232 Abs.3 Nr. 2 StGB;13
236400;Gewerbs- oder bandenmäßiger Menschenhandel zum Zweck der sexuellen Ausbeutung gemäß § 232 Abs.3 Nr. 3 StGB ;36
236500;Menschenhandel zum Zweck der sexuellen Ausbeutung gemäß § 232 Abs. 4 StGB ;113
237000;Menschenhandel zum Zweck der Ausbeutung der Arbeitskraft gemäß § 233 StGB davon:;113
237100;Menschenhandel zum Zweck der Ausbeutung der Arbeitskraft gemäß § 233 Abs. 1 StGB;22
237200;Menschenhandel z.N.v. Kindern zum Zweck der Ausbeutung der Arbeitskraft gemäß § 233 Abs. 3 mit Verweis auf § 232 Abs. 3 Nr. 1 StGB;2
237300;Menschenhandel zum Zweck der Ausbeutung der Arbeitskraft gemäß § 233 Abs. 3 mit Verweis auf § 232 Abs. 3 Nr. 2 StGB;0
237400;Gewerbs- oder bandemäßiger Menschenhandel zum Zweck der Ausbeutung der Arbeitskraft gemäß § 233 Abs. 3 mit Verweis auf § 232 Abs. 3 Nr. 3 StGB;86
237500;Menschenhandel zum Zweck der Ausbeutung der Arbeitskraft gemäß § 233 Abs. 3 mit Verweis auf § 232 Abs. 4 StGB;3
238000;Förderung des Menschenhandel gemäß § 233a StGB davon: ;27
238100;Förderung des Menschenhandel gemäß § 233a Abs. 1 StGB i.V.m. Menschenhandel zum Zweck der sexuellen Ausbeutung (§ 232 StGB);20
238200;Förderung des Menschenhandels gemäß § 233a Abs. 1 StGB i.V.m. Menschenhandel zum Zweck der Ausbeutung der Arbeitskraft (§ 233 StGB) ;2
238300;Förderung des Menschenhandels gemäß § 233a Abs. 2 StGB i.V.m. Menschenhandel zum Zweck der sexuellen Ausbeutung (§ 232 StGB)  ;5
238400;Förderung des Menschenhandels gemäß § 233a Abs. 2 StGB i.V.m. Menschenhandel zum Zweck der Ausbeutung der Arbeitskraft (§ 233 StGB)  ;0
3***00;Diebstahl ohne erschwerende Umstände §§ 242, 247, 248a-c StGB und zwar:;1298545
3,00E+100;Einfacher Diebstahl von Kraftwagen einschl. unbefugte Ingebrauchnahme;7539
3,00E+200;Einfacher Diebstahl von Mopeds und Krafträdern einschl. unbefugte Ingebrauchnahme;5239
3,00E+300;Einfacher Diebstahl von Fahrrädern einschl. unbefugte Ingebrauchnahme;55843
3**400;Einfacher Diebstahl von Schusswaffen;201
3**500;Einfacher Diebstahl von unbaren Zahlungsmitteln;121014
3**700;Einfacher Diebstahl von/aus Automaten;2444
3**800;Einfacher Diebstahl von Antiquitäten, Kunst- und sakralen Gegenständen;1319
300000;Sonstiger einfacher Diebstahl §§ 242, 247, 248a-c StGB;360378
300010;Sonstiger einfacher Diebstahl gem. 242, 247, 248a StGB;354921
300040;Unbefugter Gebrauch eines sonstigen Fahrzeuges § 248b StGB;1108
300050;Entziehung elektrischer Energie § 248c StGB;4349
300100;Einfacher Diebstahl von Kraftwagen einschl. unbefugter Ingebrauchnahme;7315
300110;Einfacher Diebstahl von Kraftwagen;3767
300140;Unbefugter Gebrauch von Kraftwagen;3548
300200;Einfacher Diebstahl von Mopeds und Krafträdern einschl. unbefugter Ingebrauchnahme;5148
300210;Einfacher Diebstahl von Mopeds und Krafträdern;4473
300240;Unbefugter Gebrauch von Mopeds und Krafträdern;675
300300;Einfacher Diebstahl von Fahrrädern einschl. unbefugter Ingebrauchnahme;50524
300310;Einfacher Diebstahl von Fahrrädern;48859
300340;Unbefugter Gebrauch von Fahrrädern;1665
300400;Einfacher Diebstahl von Schusswaffen;100
300500;Einfacher Diebstahl von unbaren Zahlungsmitteln;34667
300700;Einfacher Diebstahl von/aus Automaten;2129
300800;Einfacher Diebstahl von Antiquitäten, Kunst- und sakralen Gegenständen;1090
305*00;Einfacher Diebstahl in/aus Banken, Sparkassen, Postfilialen und -agenturen und dgl.;3177
305000;Einfacher Diebstahl in/aus Banken, Sparkassen, Postfilialen und -agenturen und dgl. von sonstigem Gut;2839
305500;Einfacher Diebstahl in/aus Banken, Sparkassen, Postfilialen und -agenturen und dgl. von unbaren Zahlungsmitteln;338
310*00;Einfacher Diebstahl in/aus Dienst-, Büro-, Fabrikations-, Werkstatt- und Lagerräumen;46196
310000;Einfacher Diebsstahl in/aus Dienst-, Büro-, Fabrikations-, Werkstatt- und Lagerräumen von sonstigem Gut;39336
310100;Einfacher Diebsstahl in/aus Dienst-, Büro-, Fabrikations-, Werkstatt- und Lagerräumen von Kraftwagen;144
310200;Einfacher Diebsstahl in/aus Dienst-, Büro-, Fabrikations-, Werkstatt- und Lagerräumen von Mopeds und Krafträdern;91
310300;Einfacher Diebsstahl in/aus Dienst-, Büro-, Fabrikations-, Werkstatt- und Lagerräumen von Fahrrädern;579
310400;Einfacher Diebsstahl in/aus Dienst-, Büro-, Fabrikations-, Werkstatt- und Lagerräumen von Schusswaffen;16
310500;Einfacher Diebsstahl in/aus Dienst-, Büro-, Fabrikations-, Werkstatt- und Lagerräumen von unbaren Zahlungsmitteln;5834
310700;Einfacher Diebsstahl in/aus Dienst-, Büro-, Fabrikations-, Werkstatt- und Lagerräumen von/aus Automaten;96
310800;Einfacher Diebsstahl in/aus Dienst-, Büro-, Fabrikations-, Werkstatt- und Lagerräumen von Antiquitäten, Kunst- und sakralen Gegenständen;100
315*00;Einfacher Diebstahl in/aus Gaststätten, Kantinen, Hotels und Pensionen;44825
315000;Einfacher Diebstahl in/aus Gaststätten, Kantinen, Hotels und Pensionen von sonstigem Gut;34057
315500;Einfacher Diebstahl in/aus Gaststätten, Kantinen, Hotels und Pensionen von unbaren Zahlungsmitteln;10549
315700;Einfacher Diebstahl in/aus Gaststätten, Kantinen, Hotels und Pensionen von/aus Automaten;219
325*00;Einfacher Diebstahl in/aus Kiosken, Warenhäusern, Verkaufsräumen, Selbstbedienungsläden, Schaufenstern, Schaukästen und Vitrinen darunter:;379408
325000;Einfacher Diebstahl in/aus Kiosken, Warenh., Verkaufsräumen pp. von sonstigem Gut;26658
325300;Einfacher Diebstahl in/aus Kiosken, Warenh., Verkaufsräumen pp. von Fahrrädern;184
325500;Einfacher Diebstahl in/aus Kiosken, Warenh., Verkaufsräumen pp. von unbaren Zahlungsmitteln;13805
326*00;Einfacher Ladendiebstahl;338761
326000;Einfacher Ladendiebstahl von sonstigem Gut;338580
326300;Einfacher Ladendiebstahl von Fahrrädern;181
335*00;Einfacher Diebstahl in/aus Wohnungen;58792
335000;Einfacher Diebstahl in/aus Wohnungen von sonstigem Gut;54549
335400;Einfacher Diebstahl in/aus Wohnungen von Schusswaffen;85
335500;Einfacher Diebstahl in/aus Wohnungen von unbaren Zahlungsmitteln;4029
335800;Einfacher Diebstahl in/aus Wohnungen von Antiquitäten, Kunst- und sakralen Gegenständen;129
340*00;Einfacher Diebstahl in/aus Boden-, Kellerräumen und Waschküchen;13684
340000;Einfacher Diebstahl in/aus Boden-, Kellerräumen und Waschküchen von sonstigem Gut;9309
340300;Einfacher Diebstahl in/aus Boden-, Kellerräumen und Waschküchen von Fahrrädern;4375
345*00;Einfacher Diebstahl in/aus überwiegend unbezogenen Neu- und Rohbauten, Baubuden und Baustellen;13617
345000;Einfacher Diebstahl in/aus überwiegend unbezogenen Neu- und Rohbauten, Baubuden und Baustellen von sonstigem Gut;13174
345100;Einfacher Diebstahl in/aus überwiegend unbezogenen Neu- und Rohbauten, Baubuden und Baustellen von Kraftwagen;80
345500;Einfacher Diebstahl in/aus überwiegend unbezogenen Neu- und Rohbauten, Baubuden und Baustellen von unbaren Zahlungsmitteln;363
350*00;Einfacher Diebstahl an/aus Kraftfahrzeugen;144474
350000;Einfacher Diebstahl an/aus Kraftfahrzeugen von sonstigem Gut;139035
350500;Einfacher Diebstahl aus Kraftfahrzeugen von unbaren Zahlungsmitteln;5439
371000;Einfacher Diebstahl von Betäubungsmitteln aus Apotheken;24
372000;Einfacher Diebstahl von Betäubungsmitteln aus Arztpraxen;19
373000;Einfacher Diebstahl von Betäubungsmitteln aus Krankenhäusern;259
374000;Einfacher Diebstahl von Betäubungsmitteln bei Herstellern und Großhändlern;19
375000;Einfacher Diebstahl von Rezeptformularen zur Erlangung von Betäubungsmitteln;138
390000;Einfacher Taschendiebstahl von sonstigem Gut;86572
390500;Einfacher Taschendiebstahl von unbaren Zahlungsmitteln;45990
4***00;Diebstahl unter erschwerenden Umständen §§ 243-244a StGB und zwar:;1084198
4,00E+100;Schwerer Diebstahl von Kraftwagen;29888
4,00E+200;Schwerer Diebstahl von Mopeds und Krafträdern;23060
4,00E+300;Schwerer Diebstahl von Fahrrädern;261014
4**400;Schwerer Diebstahl von Schusswaffen;615
4**500;Schwerer Diebstahl von unbaren Zahlungsmitteln;15020
4**700;Schwerer Diebstahl von/aus Automaten;13908
4**800;Schwerer Diebstahl von Antiquitäten, Kunst- und sakralen Gegenständen;1242
400000;Sonstiger schwerer Diebstahl insg. gem. §§ 243 - 244a StGB;158186
400010;Besonders schwerer Fall des Diebstahls;153836
400020;Sonstiger schwerer Diebstahl gem. §§ 244 Abs. 1 Nr. 1 und 2, 244a StGB;4350
400100;Schwerer Diebstahl insg. von Kraftwagen;28620
400110;Besonders schwerer Fall des Diebstahls von Kraftwagen;27625
400120;Schwerer Diebstahl gem. §§ 244 Abs. 1 Nr. 1 und 2, 244a StGB von Kraftwagen;995
400200;Schwerer Diebstahl insg. von Mopeds und Krafträdern;22668
400210;Besonders schwerer Fall des Diebstahls von Mopeds und Krafträdern;22556
400220;Schwerer Diebstahl gem. §§ 244 Abs. 1 Nr. 1 und 2, 244a StGB von Mopeds und Krafträdern;112
400300;Schwerer Diebstahl insg. von Fahrrädern;233951
400310;Besonders schwerer Fall des Diebstahls von Fahrrädern;233377
400320;Schwerer Diebstahl gem. §§ 244 Abs. 1 Nr. 1 und 2, 244a StGB von Fahrrädern;574
400400;Schwerer Diebstahl insg. von Schusswaffen;159
400410;Besonders schwerer Fall des Diebstahls von Schuswaffen;154
400420;Schwerer Diebstahl gem. §§ 244 Abs. 1 Nr. 1 und 2, 244a StGB von Schusswaffen;5
400500;Schwerer Diebstahl insg. von unbaren Zahlungsmitteln;1667
400510;Besonders schwerer Fall des Diebstahls von unbaren Zahlungsmitteln;1599
400520;Schwerer Diebstahl gem. §§ 244 Abs. 1 Nr. 1 und 2, 244a StGB von unbaren Zahlungsmitteln;68
400700;Schwerer Diebstahl insg. von/aus Automaten;8871
400710;Besonders schwerer Fall des Diebstahls von/aus Automaten;8736
400720;Schwerer Diebstahl gem. §§ 244 Abs. 1 Nr. 1 und 2, 244a StGB von/aus Automaten;135
400800;Schwerer Diebstahl insg. von Antiquitäten, Kunst- und sakralen Gegenständen;958
400810;Besonders schwerer Fall des Diebstahls von Antiquitäten, Kunst- und sakralen Gegenständen;755
400820;Schwerer Diebstahl gem. §§ 244 Abs. 1 Nr. 1 und 2, 244a StGB von Antiquitäten, Kunst- und sakralen Gegenständen;203
405*00;Schwerer Diebstahl in/aus Banken, Sparkassen, Postfilialen und -agenturen und dgl.;1633
405000;Schwerer Diebstahl insg. in/aus Banken, Sparkassen, Postfilialen und -agenturen und dgl.;1633
405010;Besonders schwerer Fall des Diebstahls  in/aus Banken, Sparkassen, Postfilialen und -agenturen und dgl.;1206
405020;Schwerer Diebstahl gem. §§ 244 Abs. 1 Nr. 1 und 2, 244a StGB in/aus Banken, Sparkassen, Postfilialen und -agenturen und dgl.;427
410*00;Schwerer Diebstahl in/aus Dienst-, Büro-, Fabrikations-, Werkstatt- und Lagerräumen;93990
410000;Schwerer Diebstahl insg. in/aus Dienst-, Büro-, Fabrikations-, Werkstatt- und Lagerräumen von sonstigem Gut;89541
410010;Besonders schwerer Fall des Diebstahls in/aus Dienst-, Büro-, Fabrikations-, Werkstatt- und Lagerräumen von sonstigem Gut;88055
410020;Schwerer Diebstahl gem. §§ 244 Abs. 1 Nr. 1 und 2, 244a StGB in/aus Dienst-, Büro-, Fabrikations-, Werkstatt- und Lagerräumen von sonstigem Gut;1486
410100;Schwerer Diebstahl insg. in/aus Dienst-, Büro-, Fabrikations-, Werkstatt- und Lagerräumen von Kraftwagen;1093
410110;Besonders schwerer Fall des Diebstahls in/aus Dienst-, Büro-, Fabrikations-, Werkstatt- und Lagerräumen von Kraftwagen;1008
410120;Schwerer Diebstahl gem. §§ 244 Abs. 1 Nr. 1 und 2, 244a StGB in/aus Dienst-, Büro-, Fabrikations-, Werkstatt- und Lagerräumen von Kraftwagen;85
410200;Schwerer Diebstahl insg. in/aus Dienst-, Büro-, Fabrikations-, Werkstatt- und Lagerräumen von Mopeds und Krafträdern ;392
410210;Besonders schwerer Fall des Diebstahls in/aus Dienst-, Büro-, Fabrikations-, Werkstatt- und Lagerräumen von Mopeds und Krafträdern;379
410220;Schwerer Diebstahl gem. §§ 244 Abs. 1 Nr. 1 und 2, 244a StGB in/aus Dienst-, Büro-, Fabrikations-, Werkstatt- und Lagerräumen von Mopeds und Krafträdern;13
410300;Schwerer Diebstahl insg. in/aus Dienst-, Büro-, Fabrikations-, Werkstatt- und Lagerräumen von Fahrrädern;1166
410310;Besonders schwerer Fall des Diebstahls in/aus Dienst-, Büro-, Fabrikations-, Werkstatt- und Lagerräumen von Fahrrädern;1154
410320;Schwerer Diebstahl gem. §§ 244 Abs. 1 Nr. 1 und 2, 244a StGB in/aus Dienst-, Büro-, Fabrikations-, Werkstatt- und Lagerräumen von Fahrrädern;12
410400;Schwerer Diebstahl insg. in/aus Dienst-, Büro-, Fabrikations-, Werkstatt- und Lagerräumen von Schusswaffen;85
410410;Besonders schwerer Fall des Diebstahls in/aus Dienst-, Büro-, Fabrikations-, Werkstatt- und Lagerräumen von Schusswaffen;75
410420;Schwerer Diebstahl gem. §§ 244 Abs. 1 Nr. 1 und 2, 244a StGB in/aus Dienst-, Büro-, Fabrikations-, Werkstatt- und Lagerräumen von Schusswaffen;10
410500;Schwerer Diebstahl insg. in/aus Dienst-, Büro-, Fabrikations-, Werkstatt- und Lagerräumen von unbaren Zahlungsmitteln;882
410510;Besonders schwerer Fall des Diebstahls in/aus Dienst-, Büro-, Fabrikations-, Werkstatt- und Lagerräumen von unbaren Zahlungsmitteln;852
410520;Schwerer Diebstahl gem. §§ 244 Abs. 1 Nr. 1 und 2, 244a StGB in/aus Dienst-, Büro-, Fabrikations-, Werkstatt- und Lagerräumen von unbaren Zahlungsmitteln;30
410700;Schwerer Diebstahl insg. in/aus Dienst-, Büro-, Fabrikations-, Werkstatt- und Lagerräumen von/aus Automaten ;666
410710;Besonders schwerer Fall des Diebstahls in/aus Dienst-, Büro-, Fabrikations-, Werkstatt- und Lagerräumen von/aus Automaten;641
410720;Schwerer Diebstahl gem. §§ 244 Abs. 1 Nr. 1 und 2, 244a StGB in/aus Dienst-, Büro-, Fabrikations-, Werkstatt- und Lagerräumen von/aus Automaten;25
410800;Schwerer Diebstahl insg. in/aus Dienst-, Büro-, Fabrikations-, Werkstatt- und Lagerräumen von Antiquitäten, Kunst- und sakralen Gegenständen;165
410810;Besonders schwerer Fall des Diebstahls in/aus Dienst-, Büro-, Fabrikations-, Werkstatt- und Lagerräumen von Antiquitäten, Kunst- und sakralen Gegenständen;161
410820;Schwerer Diebstahl gem. §§ 244 Abs. 1 Nr. 1 und 2, 244a StGB in/aus Dienst-, Büro-, Fabrikations-, Werkstatt- und Lagerräumen von Antiquitäten, Kunst- und sakralen Gegenständen;4
415*00;Schwerer Diebstahl in/aus Gaststätten, Kantinen, Hotels und Pensionen;25994
415000;Schwerer Diebstahl insg. in/aus Gaststätten, Kantinen, Hotels und Pensionen von sonstigem Gut;21285
415010;Besonders schwerer Fall des Diebstahls in/aus Gaststätten, Kantinen, Hotels und Pensionen von sonstigem Gut;20946
415020;Schwerer Diebstahl gem. §§ 244 Abs. 1 Nr. 1 und 2, 244a StGB in/aus Gaststätten, Kantinen, Hotels und Pensionen von sonstigem Gut;339
415500;Schwerer Diebstahl insg. in/aus Gaststätten, Kantinen, Hotels und Pensionen von unbaren Zahlungsmitteln;338
415510;Besonders schwerer Fall des Diebstahls in/aus Gaststätten, Kantinen, Hotels und Pensionen von unbaren Zahlungsmitteln;280
415520;Schwerer Diebstahl gem. §§ 244 Abs. 1 Nr. 1 und 2, 244a StGB in/aus Gaststätten, Kantinen, Hotels und Pensionen von unbaren Zahlungsmitteln;58
415700;Schwerer Diebstahl insg. Gaststätten, Kantinen, Hotels und Pensionen von/aus Automaten ;4371
415710;besonders schwerer Fall des Diebstahls in/aus Gaststätten, Kantinen, Hotels und Pensionen von/aus Automaten;4315
415720;Schwerer Diebstahl gem. §§ 244 Abs. 1 Nr. 1 und 2, 244a StGB in/aus Gaststätten, Kantinen, Hotels und Pensionen von/aus Automaten;56
425*00;Schwerer Diebstahl in/aus Kiosken, Warenhäusern, Verkaufsräumen, Selbstbedienungsläden, Schaufenstern, Schaukästen und Vitrinen darunter:;55034
425000;Schwerer Diebstahl insg. in/aus Kiosken, Warenh., Verkaufsräumen pp. von sonstigem Gut ;36416
425010;Besonders schwerer Fall des Diebstahls in/aus Kiosken, Warenh., Verkaufsräumen pp. von sonstigem Gut;34989
425020;Schwerer Diebstahl gem. §§ 244 Abs. 1 Nr. 1 und 2, 244a StGB in/aus Kiosken, Warenh., Verkaufsräumen pp. von sonstigem Gut;1427
425300;Schwerer Diebstahl insg. in/aus Kiosken, Warenh., Verkaufsräumen pp. von Fahrrädern;469
425310;Besonders schwerer Fall des Diebstahls in/aus Kiosken, Warenh., Verkaufsräumen pp. von Fahrrädern;431
425320;Schwerer Diebstahl gem. §§ 244 Abs. 1 Nr. 1 und 2, 244a StGB in/aus Kiosken, Warenh., Verkaufsräumen pp.von Fahrrädern;38
425400;Schwerer Diebstahl insg. in/aus Kiosken, Warenh., Verkaufsräumen pp. von Schusswaffen;68
425410;Besonders schwerer Fall des Diebstahls in/aus Kiosken, Warenh., Verkaufsräumen pp. von Schusswaffen;52
425420;Schwerer Diebstahl gem. §§ 244 Abs. 1 Nr. 1 und 2, 244a StGB in/aus Kiosken, Warenh., Verkaufsräumen pp.von Schusswaffen;16
425500;Schwerer Diebstahl insg. in/aus Kiosken, Warenh., Verkaufsräumen pp. von unbaren Zahlungsmitteln;690
425510;Besonders schwerer Fall des Diebstahls in/aus Kiosken, Warenh., Verkaufsräumen pp. von unbaren Zahlungsmitteln;557
425520;Schwerer Diebstahl gem. §§ 244 Abs. 1 Nr. 1 und 2, 244a StGB in/aus Kiosken, Warenh., Verkaufsräumen pp. von unbaren Zahlungsmitteln;133
426*00;Schwerer Ladendiebstahl;17391
426000;Schwerer Ladendiebstahl insg.;17391
426010;Besonders schwerer Fall des Ladendiebstahls;12695
426020;Schwerer Ladendiebstahl gem. §§ 244 Abs. 1 Nr. 1 und 2, 244a StGB ;4696
435*00;Wohnungseinbruchdiebstahl § 244 Abs. 1 Nr. 3 StGB darunter:;149500
435000;Wohnungseinbruchdiebstahl (ohne TWE) § 244 Abs. 1 Nr. 3 StGB von sonstigem Gut;83266
435400;Wohnungseinbruchdiebstahl (ohne TWE) § 244 Abs. 1 Nr. 3 StGB von Schusswaffen;184
435500;Wohnungseinbruchdiebstahl (ohne TWE) § 244 Abs. 1 Nr. 3 StGB von unbaren Zahlungsmitteln;1210
435800;Wohnungseinbruchdiebstahl (ohne TWE) § 244 Abs. 1 Nr. 3 StGB von Antiquitäten, Kunst- und sakralen Gegenständen;86
436*00;Tageswohnungseinbruch;64754
436000;Tageswohnungseinbruch von sonstigem Gut;63864
436400;Tageswohnungseinbruch von Schusswaffen;119
436500;Tageswohnungseinbruch von unbaren Zahlungsmitteln;738
436800;Tageswohnungseinbruch von Antiquitäten, Kunst- und sakralen Gegenständen;33
440*00;Schwerer Diebstahl in/aus Boden-, Kellerräumen und Waschküchen;94605
440000;Schwerer Diebstahl insg. in/aus Boden-, Kellerräumen, Waschküchen von sonstigem Gut;69177
440010;Besonders schwerer Fall des Diebstahls in/aus Boden-, Kellerräumen, Waschküchen von sonstigem Gut;68979
440020;Schwerer Diebstahl gem. §§ 244 Abs. 1 Nr. 1 und 2, 244a StGB in/aus Boden-, Kellerräumen, Waschküchen von sonstigem Gut;198
440300;Schwerer Diebstahl insg. in/aus Boden-, Kellerräumen, Waschküchen von Fahrrädern;25428
440310;Besonders schwerer Fall des Diebstahls in/aus Boden-, Kellerräumen, Waschküchen von Fahrrrädern;25321
440320;Schwerer Diebstahl gem. §§ 244 Abs. 1 Nr. 1 und 2, 244a StGB in/aus Boden-, Kellerräumen, Waschküchen von Fahrrädern;107
445*00;Schwerer Diebstahl in/aus überwiegend unbezogenen Neu- und Rohbauten, Baubuden und Baustellen;16764
445000;Schwerer Diebstahl insg. in/aus überwiegend unbezogenen Neu- und Rohbauten, Baubuden und Baustellen von sonstigem Gut;16490
445010;Besonders schwerer Fall des Diebstahls in/aus überwiegend unbezogenen Neu- und Rohbauten, Baubuden und Baustellen  von sonstigem Gut;16249
445020;Schwerer Diebstahl gem. §§ 244 Abs. 1 Nr. 1 und 2, 244a StGB in/aus überwiegend unbezogenen Neu- und Rohbauten, Baubuden und Baustellen von sonstigem Gut;241
445100;Schwerer Diebstahl insg. in/aus überwiegend unbezogenen Neu- und Rohbauten, Baubuden und Baustellen von Kraftwagen;175
445110;Besonders schwerer Fall des Diebstahls in/aus überwiegend unbezogenen Neu- und Rohbauten, Baubuden und Baustellen von Kraftwagen;169
445120;Schwerer Diebstahl gem. §§ 244 Abs. 1 Nr. 1 und 2, 244a StGB in/aus überwiegend unbezogenen Neu- und Rohbauten, Baubuden und Baustellen von Kraftwagen;6
445500;Schwerer Diebstahl insg. in/aus überwiegend unbezogenen Neu- und Rohbauten, Baubuden und Baustellen von unbaren Zahlungsmitteln;99
445510;Besonders schwerer Fall des Diebstahls in/aus überwiegend unbezogenen Neu- und Rohbauten, Baubuden und Baustellen von unbaren Zahlungsmitteln;93
445520;Schwerer Diebstahl gem. §§ 244 Abs. 1 Nr. 1 und 2, 244a StGB in/aus überwiegend unbezogenen Neu- und Rohbauten, Baubuden und Baustellen von unbaren Zahlungsmitteln;6
450*00;Schwerer Diebstahl an/aus Kraftfahrzeugen;188131
450000;Schwerer Diebstahl insg. an/aus Kraftfahrzeugen von sonstigem Gut;179346
450010;Besonders schwerer Fall des Diebstahls an/aus Kraftfahrzeugen von sonstigem Gut;177932
450020;Schwerer Diebstahl gem. §§ 244 Abs. 1 Nr. 1 und 2, 244a StGB an/aus Kraftfahrzeugen von sonstigem Gut;1414
450500;Schwerer Diebstahl aus Kraftfahrzeugen von unbaren Zahlungsmitteln;8785
450510;Besonders schwerer Fall des Diebstahls aus Kraftfahrzeugen von unbaren Zahlungsmitteln;8709
450520;Schwerer Diebstahl gemäß §§ 244 Abs. 1 Nr. 1 und 2, 244a StGB aus Kraftfahrzeugen von unbaren Zahlungsmitteln;76
471000;Schwerer Diebstahl von Betäubungsmitteln aus Apotheken;192
471010;Besonders schwerer Fall des Diebstahls von Betäubungsmitteln aus Apotheken;181
471020;Schwerer Diebstahl gem. §§ 244 Abs. 1 Nr. 1 und 2, 244a StGB von Betäubungsmitteln aus Apotheken;11
472000;Schwerer Diebstahl von Betäubungsmitteln aus Arztpraxen;122
472010;Besonders schwerer Fall des Diebstahls von Betäubungsmitteln aus Arztpraxen;121
472020;Schwerer Diebstahl gem. §§ 244 Abs. 1 Nr. 1 und 2, 244a StGB von Betäubungsmitteln aus Arztpraxen;1
473000;Schwerer Diebstahl von Betäubungsmitteln aus Krankenhäusern;62
473010;Besonders schwerer Fall des Diebstahls von Betäubungsmitteln aus Krankenhäusern;61
473020;Schwerer Diebstahl gem. §§ 244 Abs. 1 Nr. 1 und 2, 244a StGB von Betäubungsmitteln aus Krankenhäusern;1
474000;Schwerer Diebstahl von Betäubungsmitteln bei Herstellern und Großhändlern;2
474010;Besonders schwerer Fall des Diebstahls von Betäubungsmitteln bei Herstellern und Großhändlern;2
474020;Schwerer Diebstahl gem. §§ 244 Abs. 1 Nr. 1 und 2, 244a StGB von Betäubungsmitteln bei Herstellern und Großhändlern;0
475000;Schwerer Diebstahl von Rezeptformularen zur Erlangung von Betäubungsmitteln;34
475010;Besonders schwerer Fall des Diebstahls von Rezeptformularen zur Erlangung von Betäubungsmitteln;33
475020;Schwerer Diebstahl gem. §§ 244 Abs. 1 Nr. 1 und 2, 244a StGB von Rezeptformularen zur Erlangung von Betäubungsmitteln;1
490000;Schwerer Taschendiebstahl insg. von sonstigem Gut;2444
490010;Besonders schwerer Fall des Taschendiebstahl von sonstigem Gut;1834
490020;Schwerer Taschendiebstahl gem. §§ 244 Abs. 1 Nr. 1 und 2, 244a StGB von sonstigem Gut;610
490500;Schwerer Taschendiebstahl von unbaren Zahlungsmitteln;611
490510;Besonders schwerer Fall des Taschendiebstahl von unbaren Zahlungsmitteln;416
490520;Schwerer Taschendiebstahl gem. §§ 244 Abs. 1 Nr. 1 und 2, 244a StGB von unbaren Zahlungsmitteln;195
****00;Diebstahl insgesamt und zwar:;2382743
***100;Diebstahl insgesamt von Kraftwagen einschl. unbefugte Ingebrauchnahme;37427
***200;Diebstahl insgesamt von Mopeds und Krafträdern einschl. unbefugte Ingebrauchnahme;28299
***300;Diebstahl insgesamt von Fahrrädern einschl. unbefugte Ingebrauchnahme;316857
***400;Diebstahl insgesamt von Schusswaffen;816
***500;Diebstahl insgesamt von unbaren Zahlungsmitteln;136034
***700;Diebstahl insgesamt von/aus Automaten;16352
***800;Diebstahl insgesamt von Antiquitäten, Kunst- und sakralen Gegenständen;2561
*05*00;Diebstahl insgesamt in/aus Banken, Sparkassen, Postfilialen und -agenturen und dgl.;4810
*10*00;Diebstahl insgesamt in/aus Dienst-, Büro-, Fabrikations-, Werkstatt- und Lagerräumen;140186
*15*00;Diebstahl insgesamt in/aus Gaststätten, Kantinen, Hotels und Pensionen;70819
*25*00;Diebstahl insgesamt in/aus Kiosken, Warenhäusern, Verkaufsräumen, Selbstbedienungsläden, Schaufenstern, Schaukästen und Vitrinen darunter:;434442
*26*00;Ladendiebstahl insgesamt;356152
*35*00;Diebstahl insgesamt in/aus Wohnungen;208292
*40*00;Diebstahl insgesamt in/aus Boden-, Kellerräumen und Waschküchen;108289
*45*00;Diebstahl insgesamt in/aus überwiegend unbezogenen Neu- und Rohbauten, Baubuden und Baustellen;30381
*50*00;Diebstahl insgesamt an/aus Kraftfahrzeugen;332605
*71000;Diebstahl insgesamt von Betäubungsmitteln aus Apotheken;216
*72000;Diebstahl insgesamt von Betäubungsmitteln aus Arztpraxen;141
*73000;Diebstahl insgesamt von Betäubungsmitteln aus Krankenhäusern;321
*74000;Diebstahl insgesamt von Betäubungsmitteln bei Herstellern und Großhändlern;21
*75000;Diebstahl insgesamt von Rezeptformularen zur Erlangung von Betäubungsmitteln;172
*90*00;Taschendiebstahl insgesamt;135617
500000;Vermögens- und Fälschungsdelikte;1151927
510000;Betrug §§ 263, 263a, 264, 264a, 265, 265a, 265b StGB davon:;937891
511000;Waren- und Warenkreditbetrug davon:;290684
511100;Betrügerisches Erlangen von Kfz;1729
511200;Sonstiger Warenkreditbetrug;195214
511201;Tankbetrug;91578
511279;Weitere Arten des Warenkreditbetruges ;103636
511300;Warenbetrug;93741
512000;Grundstücks- und Baubetrug;316
513000;Beteiligungs- und Kapitalanlagebetrug davon:;6365
513100;Prospektbetrug § 264a StGB;19
513200;Anlagebetrug gemäß § 263 StGB;6121
513300;Betrug bei Börsenspekulationen;14
513400;Beteiligungsbetrug;134
513500;Kautionsbetrug;67
513600;Umschuldungsbetrug;10
514000;Geldkreditbetrug davon:;6066
514100;Kreditbetrug § 265b StGB;346
514200;Subventionsbetrug § 264 StGB;639
514300;Kreditbetrug § 263 StGB;5031
514500;Wertpapierbetrug;50
515000;Erschleichen von Leistungen § 265a StGB;238547
515001;Beförderungserschleichung;235343
515079;Sonstiges Erschleichen von Leistungen;3204
516000;Betrug mittels rechtswidrig erlangter unbarer Zahlungsmittel davon:;72523
516200;Betrug mittels rechtswidrig erlangter Debitkarten ohne PIN (Lastschriftverfahren);16434
516300;Betrug mittels rechtswidrig erlangter Debitkarten mit PIN;23638
516400;Betrug mittels rechtswidrig erlangter Kreditkarten;8021
516500;Betrug mittels rechtswidrig erlangter Daten von Zahlungskarten;20700
516900;Betrug mittels rechtswidrig erlangter sonstige unbare Zahlungsmittel;3730
517000;Sonstiger Betrug davon:;323390
517100;Leistungsbetrug;27817
517200;Leistungskreditbetrug;37876
517300;Arbeitsvermittlungsbetrug;180
517400;Betrug z.N.v. Versicherungen und Versicherungsmissbrauch §§ 263, 265 StGB;4517
517410;Betrug zum Nachteil von Versicherungen;4385
517420;Versicherungsmissbrauch;132
517500;Computerbetrug § 263a StGB (soweit nicht unter den Schlüssel 5163 bzw. 5179 zu erfassen);23242
517600;Provisionsbetrug;2601
517700;Betrug z.N.v. Sozialversicherungen und Sozialversicherungsträgern;3199
517800;(Sonstiger) Sozialleistungsbetrug (soweit nicht unter Schl. 5177 zu erfassen);17847
517900;Betrug mit Zugangsberechtigungen zu Kommunikationsdiensten;2730
518100;Abrechnungsbetrug;6644
518110;Abrechnungsbetrug im Gesundheitswesen;4697
518179;Sonstiger Abrechnungsbetrug;1947
518200;Einmietbetrug;9595
518300;Kontoeröffnungs- und Überweisungsbetrug;18971
518310;Kontoeröffnungsbetrug;3621
518320;Überweisungsbetrug;15350
518400;Zechbetrug;5623
518800;Kreditvermittlungsbetrug;738
518900;Sonstige weitere Betrugsarten;161810
520000;Veruntreuungen §§ 266, 266a, 266b StGB davon:;24534
521000;Untreue § 266 StGB darunter:;8512
521079;Sonstige Untreue;8297
521100;Untreue bei Kapitalanlagegeschäften;215
522000;Vorenthalten und Veruntreuen von Arbeitsentgelt § 266a StGB;13855
523000;Missbrauch von Scheck- und Kreditkarten § 266b StGB;2167
530000;Unterschlagung §§ 246, 247, 248a StGB darunter:;113664
530079;Unterschlagung sonstiger Güter/Sachen gemäß §§ 246, 247, 248a StGB - ohne von Kfz;106391
531000;Unterschlagung von Kfz gemäß §§ 246, 247 StGB;7273
540000;Urkundenfälschung §§ 267-271, 273-279, 281 StGB darunter:;65416
540001;Sonstige Urkundenfälschung gemäß § 267 StGB;44037
540002;Mittelbare Falschbeurkundung;2374
540003;Verändern von amtlichen Ausweisen;319
540004;Urkundenunterdrückung, Veränderung einer Grenzbezeichnung § 274  StGB;690
540005;Vorbereitung der Fälschung von amtlichen Ausweisen;25
540006;Verschaffen von falschen amtlichen Ausweisen;1234
540007;Fälschung von Gesundheitszeugnissen;59
540008;Ausstellen unrichtiger Gesundheitszeugnisse;107
540009;Gebrauch unrichtiger Gesundheitszeugnisse;182
540010;Missbrauch von Ausweispapieren;4565
541000;Fälschung technischer Aufzeichnungen § 268 StGB;965
541001;Manipulation von Fahrtenschreibern gemäß § 268 StGB;203
541079;Sonstige Fälschung technischer Aufzeichnungen;762
542000;Fälschung zur Erlangung von Betäubungsmitteln;1080
543000;Fälschung beweiserheblicher Daten, Täuschung im Rechtsverkehr bei Datenverarbeitung §§ 269, 270 StGB;9779
543010;Fälschung beweiserheblicher Daten § 269 StGB;9203
543020;Täuschung im Rechtsverkehr bei Datenverarbeitung § 270 StGB;576
550000;Geld- und Wertzeichenfälschung, Fälschung von Zahlungskarten mit oder ohne Garantiefunktion, Schecks und Wechseln §§ 146-149, 151, 152, 152a, 152b StGB darunter:;5902
550010;Gewerbs- und bandenmäßiges Geldfälschung gemäß § 146 Abs. 2 StGB;18
550020;Wertpapierfälschung;8
550030;Fälschung Geld-/Wertzeichen fremder Währungsgebiete;7
551000;Geld- und Wertzeichenfälschung einschl. Vorbereitungshandlungen §§ 146 außer Abs. 1 Nr. 3, 148, 149 StGB;754
551010;Geldfälschung (einschl. Vorbereitungshandlung) §§ 146 außer Abs. 1 Nr. 3 StGB;357
551020;Wertzeichenfälschung;161
551030;Vorbereitung der Fälschung von Geld und Wertzeichen;236
552000;Inverkehrbringen von Falschgeld §§ 146 Abs. 1 Nr. 3, 147 StGB;2169
552010;Inverkehrbringen von Falschgeld gemäß § 146 Abs. 1 Nr. 3 StGB;1472
552020;Inverkehrbringen von Falschgeld gemäß § 147 StGB (nach gutgläubigem Erwerb);697
553000;Fälschung von Zahlungskarten mit oder ohne Garantiefunktion, Schecks und Wechseln gemäß §§ 152a, 152b StGB davon:;2946
553100;Gebrauch falscher Zahlungskarten mit oder ohne Garantiefunktion, Schecks und Wechsel gemäß §§ 152a, 152b StGB;1527
553110;Gebrauch falscher Zahlungskarten ohne Garantiefunktion, Schecks  und Wechsel;634
553120;Gebrauch falscher Zahlungskarten mit Garantiefunktion;893
553200;Nachmachen, Verfälschen, Verschaffen, Feilhalten oder Überlassen falscher Zahlungskarten mit oder ohne Garantiefunktion, Schecks und Wechsel gemäß §§ 152a, 152b StGB;1419
553210;Nachmachen, Verfälschen, Verschaffen, Feilhalten oder Überlassen falscher Zahlungskarten ohne Garantiefunktion, Schecks und Wechsel ;291
553220;Nachmachen, Verfälschen, Verschaffen, Feilhalten oder Überlassen falscher Zahlungskarten mit Garantiefunktion;1128
560000;Insolvenzstraftaten §§ 283, 283a-d StGB davon:;4520
561000;Bankrott § 283 StGB;3289
562000;Besonders schwerer Fall des Bankrotts § 283a StGB;15
563000;Verletzung der Buchführungspflicht § 283b StGB;1075
564000;Gläubigerbegünstigung § 283c StGB;103
565000;Schuldnerbegünstigung § 283d StGB;38
600000;Sonstige Straftatbestände (StGB);1154593
610000;Erpressung § 253 StGB darunter:;12496
610001;Schutzgelderpressung;142
610079;Sonstige Erpressung;12085
611000;Erpressung auf sexueller Grundlage;269
620000;Widerstand gegen die Staatsgewalt und Straftaten gegen die öffentliche Ordnung §§ 111, 113, 114, 120, 121, 123-127, 129, 130-134, 136, 138, 140, 145, 145a, 145c, 145d StGB darunter:;125805
620001;Störung des öffentlichen Friedens durch Androhung von Straftaten;2749
620002;Bildung bewaffneter Gruppen;16
620003;Bildung krimineller Vereinigungen;17
620004;Anleitung zu Straftaten;22
620005;Amtsanmaßung;1205
620006;Missbrauch von Titeln, Berufsbezeichnungen, Abzeichen;1014
620007;Verwahrungsbruch;126
620008;Verletzung amtlicher Bekanntmachungen;4
620009;Verstrickungsbruch, Siegelbruch;790
620010;Nichtanzeige geplanter Straftaten;53
620011;Belohnung und Billigung von Straftaten;26
620013;Missbrauch von Notrufen und Beeinträchtigung von Unfallverhütungs- und Nothilfemitteln;9746
620014;Verstoß gegen Weisung während Führungsaufsicht;2071
620015;Verstoß gegen das Berufsverbot;14
621000;Widerstand gegen die Staatsgewalt §§ 111, 113, 114, 120, 121 StGB;21618
621010;Öffentliche Aufforderung zu Straftaten;253
621020;Widerstand gegen Vollstreckungsbeamte;20644
621021;Widerstand gegen Polizeivollzugsbeamte;20251
621029;Widerstand gegen Vollstreckungsbeamte (ohne Polizeivollzugsbeamte);393
621030;Widerstand gegen gleichgestellte Personen;278
621040;Gefangenenbefreiung;433
621050;Gefangenenmeuterei;10
622000;Hausfriedensbruch §§ 123, 124 StGB davon:;71274
622100;Hausfriedensbruch § 123 StGB;71226
622200;Schwerer Hausfriedensbruch § 124 StGB;48
623000;Landfriedensbruch §§ 125, 125a StGB;1212
623010;Landfriedensbruch § 125 StGB;912
623020;Besonders schwerer Landfriedensbruch § 125a StGB;300
624000;Vortäuschen einer Straftat § 145d StGB darunter:;11239
624010;Vortäuschen einer Straftat gegen die sexuelle Selbstbestimmung ;601
624079;Vortäuschen einer sonstigen Straftat;7632
624100;Vortäuschen eines Raubes;1280
624200;Vortäuschen eines Diebstahls;1726
624201;Vortäuschen eines Kfz-Diebstahls;578
624279;Vortäuschen eines sonstigen Diebstahls;1148
626000;Gewaltdarstellung § 131 StGB darunter:;205
626079;Sonstige Gewaltdarstellung;157
626100;"Gewaltdarstellung; Schriften an Personen unter 18 Jahren gem. § 131 Abs. 1 Nr. 3 StGB";48
627000;Volksverhetzung § 130 StGB;2404
630000;Begünstigung, Strafvereitelung (ohne Strafvereitelung im Amt), Hehlerei und Geldwäsche §§ 257, 258, 259-261 StGB darunter:;30879
630010;Begünstigung;234
630020;Strafvereitelung;3163
631000;Hehlerei von Kfz §§ 259-260a StGB darunter:;1637
631079;Hehlerei von Kfz gemäß § 259 StGB;1237
631100;Gewerbsmäßige Hehlerei von Kfz § 260 Abs. 1 Nr. 1 StGB;206
631200;Bandenhehlerei von Kfz § 260 Abs. 1 Nr. 2 StGB;42
631300;Gewerbsmäßige Bandenhehlerei von Kfz § 260a StGB;152
632000;Sonstige Hehlerei §§ 259-260a StGB darunter:;17711
632079;Sonstige Hehlerei § 259 StGB;16110
632100;Sonstige gewerbsmäßige Hehlerei § 260 Abs. 1 Nr. 1 StGB;1404
632200;Sonstige Bandenhehlerei § 260 Abs. 1 Nr. 2 StGB;86
632300;Sonstige Gewerbsmäßige Bandenhehlerei § 260a StGB;111
633000;Geldwäsche, Verschleierung unrechtmäßig erlangter Vermögenswerte § 261 StGB;8134
640000;Brandstiftung und Herbeiführen einer Brandgefahr §§ 306-306d, 306f StGB darunter:;20069
640010;Fahrlässige Brandstiftung;7183
640020;Fahrlässiges Herbeiführen einer Brandgefahr;417
641000;(Vorsätzliche) Brandstiftung und Herbeiführen einer Brandgefahr §§ 306-306c, 306f Abs. 1 und 2 StGB;12469
641010;Vorsätzliche Brandstiftung ;9176
641020;Schwere Brandstiftung;2663
641030;Besonders schwere Brandstiftung ;218
641040;Brandstiftung mit Todesfolge;18
641050;Vorsätzliches Herbeiführen einer Brandgefahr;394
650000;Wettbewerbs-, Korruptions- und Amtsdelikte §§ 258a, 298-300, 331-353d, 355, 357 StGB davon:;5084
651000;Vorteilsannahme, Bestechlichkeit §§ 331, 332, 335 StGB davon:;461
651100;Vorteilsannahme § 331 StGB;225
651200;Bestechlichkeit § 332 StGB;220
651300;Bestechlichkeit - gewerbsmäßig oder als Mitglied einer Bande gemäß § 335 Abs. 2 Nr. 3 StGB;7
651400;Alle sonstigen besonders schweren Fälle der Bestechlichkeit gemäß § 335 StGB;9
652000;Vorteilsgewährung, Bestechung §§ 333, 334, 335 StGB davon:;667
652100;Vorteilsgewährung § 333 StGB;202
652200;Bestechung § 334 StGB;411
652300;Bestechung - gewerbsmäßig oder als Mitglied einer Bande nach § 335 Abs. 2 Nr. 3 StGB;36
652400;Alle sonstigen besonders schweren Fälle der Bestechung nach § 335 StGB;18
655000;Sonstige Straftaten im Amt §§ 258a, 339-353d, 355, 357 StGB darunter:;3242
655001;Strafvereitelung im Amt;514
655002;Rechtsbeugung;135
655003;Aussageerpressung;8
655004;Verfolgung Unschuldiger;99
655005;Vollstreckung gegen Unschuldige;5
655006;Falschbeurkundung im Amt;205
655007;Gebührenüberhebung;93
655008;Abgabenüberhebung, Leistungskürzung;4
655009;Vertrauensbruch im auswärtigen Dienst;0
655010;Verbotene Mitteilungen über Gerichtsverhandlungen;17
655011;Verletzung des Steuergeheimnisses;8
655012;Verleitung eines Untergebenen zu Straftaten;3
655100;Körperverletzung im Amt § 340 StGB;1913
655200;Verletzung des Dienstgeheimnisses § 353b StGB;238
656000;Wettbewerbsbeschränkende Absprachen bei Ausschreibungen § 298 StGB;77
657000;Bestechlichkeit und Bestechung im geschäftlichen Verkehr §§ 299, 300 StGB davon:;637
657100;Bestechlichkeit und Bestechung gemäß § 299 StGB;473
657110;Bestechlichkeit und Bestechung gemäß § 299 Abs. 1 und 2 StGB;460
657120;Bestechlichkeit und Bestechung gemäß § 299 Abs. 3 StGB ;13
657200;Bestechlichkeit und Bestechung, gewerbsmäßig oder als Mitglied einer Bande gemäß § 300 Satz 2 Nr. 2 StGB;148
657300;Bestechlichkeit und Bestechung, Vorteil großen Ausmaßes gemäß § 300 Satz 2 Nr. 1 StGB;16
660000;Strafbarer Eigennutz §§ 284, 285, 287-293, 297 StGB darunter:;5892
660010;Vereiteln der Zwangsvollstreckung;309
660020;Pfandkehr;464
660030;Unbefugter Gebrauch von Pfandsachen;2
660040;Gefährdung von Schiffen, Kraft- und Luftfahrzeugen durch Bannware;2
661000;Glücksspiel §§ 284, 285, 287 StGB;1079
661010;Unerlaubte Veranstaltung eines Glücksspiels;622
661020;Beteiligung am unerlaubten Glückspiel;455
661030;Unerlaubte Veranstaltung einer Lotterie oder Ausspielung;2
662000;Wilderei §§ 292, 293 StGB darunter:;3443
662001;Fischwilderei;2403
662100;Jagdwilderei § 292 StGB;1040
663000;Wucher § 291 StGB;593
670000;Alle sonstigen Straftaten gemäß StGB - ohne Verkehrsdelikte - darunter:;954368
670001;Falsche uneidliche Aussage (Falschaussage);5780
670002;Meineid;153
670003;Falsche Versicherung an Eides statt;5318
670005;Verleitung zur Falschaussage;115
670006;Fahrlässiger Falscheid, fahrlässige falsche Versicherung an Eides statt;27
670007;Falsche Verdächtigung;18696
670008;Beschimpfung von Bekenntnissen, Religionsgemeinschaften und Weltanschauungsvereinigungen;60
670009;Störung der Religionsausübung;54
670010;Störung einer Bestattungsfeier;6
670011;Störung der Totenruhe;2453
670012;Personenstandsfälschung;53
670013;Doppelehe;25
670014;Beischlaf zwischen Verwandten;51
670015;Üble Nachrede und Verleumdung gegen Personen des politischen Lebens;148
670016;Verletzung der Vertraulichkeit des Wortes;877
670017;Verletzung des Briefgeheimnisses;3476
670018;Verletzung von Privatgeheimnissen;545
670019;Verwertung fremder Geheimnisse;10
670020;Verletzung des Post- u. Fernmeldegeheimnisses;3905
670021;Aussetzung;85
670024;Gefährliche Eingriffe in den Bahn-, Schiffs- und Luftverkehr;3219
670025;Gefährliche Eingriffe in den Straßenverkehr;16872
670026;Störung öffentlicher Betriebe;616
670027;Störung von Telekommunikationsanlagen;727
670029;Baugefährdung;105
670030;Vollrausch;59
670031;Gefährdung einer Entziehungskur;15
670032;Unterlassene Hilfeleistung;1798
670033;Parteiverrat;120
670034;Verletzung des höchstpersönlichen Lebensbereiches durch Bildaufnahmen;4574
670079;Sonstige weitere Straftaten gemäß StGB;15
671000;Verletzung der Unterhaltspflicht § 170 StGB;9169
672000;Verletzung der Fürsorge- oder Erziehungspflicht § 171 StGB;1535
673000;Beleidigung §§ 185-187, 189 StGB darunter:;222892
673010;Beleidigung ohne sexuelle Grundlage;160917
673020;Üble Nachrede ohne sexuelle Grundlage;11955
673030;Verleumdung ohne sexuelle Grundlage;17853
673040;Verunglimpfung des Andenkens Verstorbener ohne sexuelle Grundlage;141
673100;Beleidigung auf sexueller Grundlage §§ 185-187, 189 StGB;32026
673110;Beleidigung auf sexueller Grundlage;28907
673120;Üble Nachrede auf sexueller Grundlage;1279
673130;Verleumdung auf sexueller Grundlage;1831
673140;Verunglimpfung des Andenkens Verstorbener auf sexueller Grundlage;9
674000;Sachbeschädigung §§ 303-305a StGB darunter:;621699
674010;Sachbeschädigung gemäß § 303 StGB ohne Schl. 674100 u. 674300;208398
674011;Sachbeschädigung durch Graffiti ohne Schl. 674111 u. 674311;36767
674012;Sachbeschädigung durch Feuer ohne Schl. 674312;12154
674019;Sonstige Sachbeschädigung ohne Schl. 674119 u. 674319;159477
674020;Gemeinschädliche Sachbeschädigung ohne Schl. 674320;10324
674021;Gemeinschädliche Sachbeschädigung durch Graffiti ohne Schl.  674321;2079
674022;Gemeinschädliche Sachbeschädigung durch Feuer ohne Schl.  674322;628
674029;Sonstige gemeinschädliche Sachbeschädigung  ohne Schl.  674329;7617
674030;Zerstörung von Bauwerken ohne Schl.  674330;34
674100;Sachbeschädigung an Kfz;230489
674111;Sachbeschädigung durch Graffiti an Kfz;4317
674119;Sonstige Sachbeschädigung an Kfz;226172
674200;Datenveränderung, Computersabotage §§ 303a, 303b StGB;12766
674210;Datenveränderung;9134
674220;Computersabotage;3632
674300;Sonstige Sachbeschädigung auf Straßen, Wegen oder Plätzen;159298
674310;Sonstige Sachbeschädigung auf Straßen, Wegen oder Plätzen gemäß § 303 StGB;139209
674311;Sonstige Sachbeschädigung durch Graffiti auf Straßen, Wegen oder Plätzen;51868
674312;Sonstige Sachbeschädigung durch Feuer auf Straßen, Wegen oder Plätzen;10082
674319;Sonstige Sachbeschädigung auf Straßen, Wegen oder Plätzen;77259
674320;Gemeinschädliche Sachbeschädigung auf Straßen, Wegen oder Plätzen;20046
674321;Gemeinschädliche Sachbeschädigung durch Graffiti auf Straßen, Wegen oder Plätzen;2869
674322;Gemeinschädliche Sachbeschädigung durch Feuer auf Straßen, Wegen oder Plätzen;1215
674329;Sonstige gemeinschädliche Sachbeschädigung auf Straßen, Wegen oder Plätzen;15962
674330;Zerstörung von Bauwerken auf Straßen, Wegen oder Plätzen;43
674500;Zerstörung wichtiger Arbeitsmittel § 305a StGB;390
674512;Zerstörung wichtiger Arbeitsmittel durch Feuer;8
674519;Sonstige Zerstörung wichtiger Arbeitsmittel ;382
675000;Sprengstoff- und Strahlungsverbrechen §§ 307-312 StGB davon:;834
675100;Herbeiführen einer Explosion durch Kernenergie § 307 StGB;0
675200;Herbeiführen einer Sprengstoffexplosion § 308 StGB;819
675300;Missbrauch ionisierender Strahlen § 309 StGB;0
675400;Vorbereitung eines Explosions- oder Strahlungsverbrechens § 310 StGB;12
675500;Freisetzen ionisierender Strahlen § 311 StGB;3
675600;Fehlerhafte Herstellung einer kerntechnischen Anlage § 312 StGB;0
676000;Straftaten gegen die Umwelt §§ 324, 324a, 325-330a StGB darunter:;12333
676010;Bodenverunreinigung 324a StGB;960
676011;Bodenverunreinigung;942
676012;Bodenverunreinigung - besonders schwerer Fall;18
676100;Gewässerverunreinigung § 324 StGB;2561
676101;Gewässerverunreinigung;2537
676102;Gewässerverunreinigung - besonders schwerer Fall;24
676200;Luftverunreinigung § 325 StGB;139
676201;Luftverunreinigung;139
676202;Luftverunreinigung - besonders schwerer Fall;0
676300;Verursachen von Lärm, Erschütterungen und nichtionisierenden Strahlen § 325a StGB;25
676301;Verursachen von Lärm, Erschütterungen und nichtionisierenden Strahlen;25
676302;Verursachen von Lärm, Erschütterungen und nichtionisierenden Strahlen - besonders schwerer Fall;0
676400;Unerlaubter Umgang mit Abfällen § 326 außer Abs. 2 StGB;7595
676410;Unerlaubter Umgang mit Abfällen § 326 Abs. 1 StGB;7498
676411;Unerlaubter Umgang mit Abfällen § 326 Abs. 1 StGB;7395
676412;Unerlaubter Umgang mit Abfällen § 326 Abs. 1 StGB - besonders schwerer Fall;103
676420;Unerlaubter Umgang mit Abfällen § 326 Abs. 3 StGB;97
676421;Unerlaubter Umgang mit Abfällen § 326 Abs. 3 StGB;93
676422;Unerlaubter Umgang mit Abfällen § 326 Abs. 3 StGB  - besonders schwerer Fall;4
676500;Unerlaubtes Betreiben von Anlagen § 327 StGB;455
676510;Unerlaubtes Betreiben von Anlagen § 327 StGB Abs. 1  (kerntechnische Anlage und Kernbrennstoffe);4
676511;Unerlaubtes Betreiben von Anlagen § 327 Abs. 1  (kerntechnische Anlage und Kernbrennstoffe);4
676512;Unerlaubtes Betreiben von Anlagen § 327 Abs. 1  (kerntechnische Anlage und Kernbrennstoffe)  - besonders schwerer Fall;0
676520;Unerlaubtes Betreiben von Anlagen § 327 Abs. 2;451
676521;Unerlaubtes Betreiben von Anlagen § 327 Abs. 2;443
676522;Unerlaubtes Betreiben von Anlagen § 327 Abs. 2  - besonders schwerer Fall;8
676600;Unerlaubter Umgang mit radioaktiven Stoffen und anderen gefährlichen Gütern § 328 StGB;102
676610;Unerlaubter Umgang mit radioaktiven Stoffen § 328 StGB Abs. 1 und 2;12
676611;Unerlaubter Umgang mit radioaktiven Stoffen § 328 StGB Abs. 1 und 2;12
676612;Unerlaubter Umgang mit radioaktiven Stoffen § 328 StGB Abs. 1 und 2  - besonders schwerer Fall;0
676620;Unerlaubter Umgang mit anderen gefährlichen Stoffen und Gütern § 328 Abs. 3 StGB;90
676621;Unerlaubter Umgang mit anderen gefährlichen Stoffen und Gütern § 328 Abs. 3 StGB;83
676622;Unerlaubter Umgang mit anderen gefährlichen Stoffen und Gütern § 328 Abs. 3 StGB - besonders schwerer Fall;7
676700;Gefährdung schutzbedürftiger Gebiete § 329 StGB;34
676701;Gefährdung schutzbedürftiger Gebiete;33
676702;Gefährdung schutzbedürftiger Gebiete - besonders schwerer Fall;1
676800;Abfallein- / -aus- und -durchfuhr gemäß § 326 Abs. 2 StGB;312
676810;Ungenehmigte Einfuhr von Abfällen § 326 Abs. 2 StGB;74
676811;Ungenehmigte Einfuhr von Abfällen;71
676812;Ungenehmigte Einfuhr von Abfällen - besonders schwerer Fall;3
676820;Ungenehmigte Ausfuhr von Abfällen § 326 Abs. 2 StGB;210
676821;Ungenehmigte Ausfuhr von Abfällen;205
676822;Ungenehmigte Ausfuhr von Abfällen - besonders schwerer Fall;5
676830;Ungenehmigte Durchfuhr von Abfällen § 326 Abs. 2 StGB;28
676831;Ungenehmigte Durchfuhr von Abfällen;28
676832;Ungenehmigte Durchfuhr von Abfällen - besonders schwerer Fall;0
676900;Schwere Gefährdung durch Freisetzen von Giften § 330a StGB;150
677000;Gemeingefährliche Vergiftung gemäß § 314 StGB;11
678000;Ausspähen, Abfangen von Daten einschl. Vorbereitungshandlungen gemäß §§ 202a, 202b, 202c StGB ;15909
678010;Ausspähen von Daten gemäß § 202a StGB;12568
678020;Abfangen von Daten gemäß § 202b StGB;364
678030;Vorbereiten des Ausspähens und Abfangens von Daten gemäß § 202c StGB;2977
679000;Weitere Straftaten mit Umweltrelevanz gemäß StGB;29
679010;Herbeiführen einer Überschwemmung § 313 StGB;23
679020;Beschädigung wichtiger Anlagen § 318 StGB;6
700000;Strafrechtliche Nebengesetze;446699
710000;Straftaten gegen strafrechtliche Nebengesetze auf dem Wirtschaftssektor davon:;24459
712000;Straftaten nach AktG, GenG, GmbHG, HGB, RechnungslegungsG, UmwandlungsG, InsO darunter:;6895
712010;Aktiengesetz;12
712020;Handelsgesetzbuch;41
712030;GmbH-Gesetz ;211
712040;Genossenschaftsgesetz;1
712050;Rechnungslegungsgesetz;0
712060;Umwandlungsgesetz;1
712200;Insolvenzverschleppung § 15a InsO;6629
713000;Delikte im Zusammenhang mit Schwarzarbeitbekämpfungsgesetz und Arbeitnehmerüberlassungsgesetz;157
713010;Arbeitnehmerüberlassungsgesetz;11
713030;Schwarzarbeitbekämpfungsgesetz;146
714000;Straftaten i.V.m. dem Bankgewerbe sowie Wertpapierhandelsgesetz (Güd-Kreditwesen, BörsenG, DepotG, PfandBG, § 35 BundesbankG, ZAG);291
714010;Bundesbankgesetz;2
714020;Börsengesetz;1
714030;Pfandbriefgesetz;0
714040;Kreditwesengesetz;111
714050;Depotgesetz;0
714060;Wertpapierhandelsgesetz;106
714070;Zahlungsdiensteaufsichtsgesetz;71
715000;Straftaten im Zusammenhang mit Urheberrechtsbestimmungen (UrheberrechtsG, MarkenG, § 17 UWG, GebrauchsmusterG, GeschmacksmusterG, KunsturheberrechtsG, PatentG, HalbleiterschutzG)  darunter:;8089
715010;Markengesetz;1654
715020;Geschmacksmustergesetz;27
715030;Gebrauchsmustergesetz;7
715040;Kunsturheberrechtsgesetz;2669
715050;Urheberrechtsgesetz -sonstige Verstöße- (ohne Schl. 715100 u. 715200);2600
715060;Patentgesetz;49
715070;Halbleiterschutzgesetz;0
715100;Softwarepiraterie (private Anwendung z.B. Computerspiele);474
715200;Softwarepiraterie in Form gewerbsmäßigen Handelns;184
715300;Verrat von Betriebs- und Geschäftsgeheimnissen nach § 17 Abs. 1 und 4 UWG;284
715400;Verrat von Betriebs- und Geschäftsgeheimnissen gemäß § 17 Abs. 2 und 4 UWG;141
716000;Straftaten im Zusammenhang mit Lebens- und Arzneimitteln (z.B. Lebensmittel- und Futtermittelgesetzbuch, ArzneimittelG, WeinG);7113
716030;Straftaten nach dem Gentechnikgesetz;3
716079;Sonstige Straftaten im Zusammenhang mit Lebensmitteln - soweit nicht unter anderen Schlüsseln zu erfassen -;77
716100;Straftaten nach dem Lebensmittel- und Futtermittelgesetzbuch;2422
716200;Straftaten nach dem Arzneimittelgesetz;4439
716210;Straftaten nach dem Arzneimittelgesetz gemäß § 95 AMG;3838
716211;Inverkehrbringen von bedenklichen Arzneimitteln;315
716212;Inverkehrbringen, Verschreiben oder Anwendung bei Dritten von Arzneimitteln zu Dopingzwecken im Sport ;524
716213;Unerlaubter Handel, Abgabe, Bezug von verschreibungspflichtigen Arzneimitteln;1342
716214;Unerlaubter Umgang mit Tierarzneimitteln;44
716215;Fälschen von Arzneimitteln;2
716216;Inverkehrbringen von gefälschten Arzneimitteln;16
716217;Besonders schwerer Fall des Verstoßes gegen das Arzneimittelgesetz gemäß § 95 Abs. 3 Nr. 1, 2b und 3;80
716218;Besonders schwerer Fall des Verstoßes gegen das Arzneimittelgesetz gemäß § 95 Abs. 3 Nr. 2a (Doping im Sport an Personen unter 18 Jahren);44
716219;Sonstige Straftaten nach dem Arzneimittelgesetz gemäß § 95 AMG;1471
716220;Straftaten nach dem Arzneimittelgesetz gemäß § 96 AMG;601
716300;Straftaten nach dem Weingesetz;172
719000;sonstige Straftaten (Nebengesetze) auf dem Wirtschaftssektor (z.B. Rennwett- und LotterieG, UWG ohne § 17, VersicherungsaufsichtsG, WirtschaftsstrafG, Gewerbeordnung) darunter:;1914
719010;Rennwett- und Lotteriegesetz;2
719040;Gewerbeordnung;243
719079;Sonstige Nebengesetze auf dem Wirtschaftssektor;1219
719200;Straftaten nach UWG ohne § 17;450
720000;Straftaten gegen sonstige strafrechtliche Nebengesetze -ohne Verkehrsdelikte- darunter:;161090
720001;Vereinsgesetz;279
720002;Versammlungsgesetze des Bundes und der Länder;2057
720005;Missbräuchliches Herstellen, Vertreiben oder Ausgeben von amtlichen Kennzeichen § 22a StVG;729
720009;Telekommunikationsgesetz;154
720011;Straftaten gemäß § 4 Gewaltschutzgesetz;8677
720012;Straftaten gemäß § 1 EU-Bestechungsgesetz (EUBestG);0
720013;Straftaten gemäß §§ 1 und 2 des Gesetzes zur Bekämpfung internationaler Bestechung (IntBestG);0
720014;Luftsicherheitsgesetz;122
720079;Sonstige strafrechtliche Nebengesetze;1132
721000;Straftaten gegen § 27 Abs. 2 des Jugendschutzgesetzes;60
722000;Straftaten gegen § 27 Abs. 1 des Jugendschutzgesetzes;127
724000;Straftaten gegen § 24 des Passgesetzes;6
725000;Straftaten gegen das Aufenthalts-, das Asylverfahrens- und das Freizügigkeitsgesetz/EU davon:;110555
725100;Unerlaubte Einreise gemäß § 95 Abs. 1 Nr. 3 und Abs. 2 Nr.1a Aufenthaltsgesetz;33796
725110;Unerlaubte Einreise gemäß § 95 Abs. 1 Nr. 3 Aufenthaltsgesetz ;30846
725120;Unerlaubte Wiedereinreise nach Ausweisung/Abschiebung gemäß § 95 Abs. 2 Nr. 1a Aufenthaltsgesetz;2950
725200;Einschleusen von Ausländern gemäß § 96 Aufenthaltsgesetz;3186
725210;Einschleusen von Ausländern gemäß § 96 Abs. 1 und 4 Aufenthaltsgesetz;2783
725220;Einschleusen von Ausländern gemäß § 96 Abs. 2 Aufenthaltsgesetz;403
725300;Erschleichen eines Aufenthaltstitels (gemäß § 95 Abs. 2 Nr. 2 Aufenthaltsgesetz) durch unrichtige oder unvollständige Angaben oder Gebrauch eines so beschafften Aufenthaltstitels zur Täuschung im Rechtsverkehr;5029
725310;Erschleichen oder Gebrauch eines Aufenthaltstitels (Visum);3849
725311;Erschleichen oder Gebrauch eines Aufenthaltstitels (Visum) durch Scheinehe;322
725312;Erschleichen oder Gebrauch eines Aufenthaltstitels (Visum) durch sonstigen Modus Operandi;3527
725320;Erschleichen oder Gebrauch eines Aufenthaltstitels (Aufenthaltserlaubnis oder Niederlassungsbefugnis);1180
725321;Erschleichen oder Gebrauch eines Aufenthaltstitels (Aufenthaltserlaubnis oder Niederlassungsbefugnis) durch Scheinehe;329
725322;Erschleichen oder Gebrauch eines Aufenthaltstitels (Aufenthaltserlaubnis oder Niederlassungsbefugnis) durch sonstigen Modus Operandi;851
725400;"Einschleusen mit Todesfolge; gewerbs- und bandenmäßiges Einschleusen von Ausländern gemäß § 97 Aufenthaltsgesetz";229
725410;Einschleusen mit Todesfolge gemäß § 97 Abs. 1 Aufenthaltsgesetz;2
725420;Gewerbs- und bandenmäßiges Einschleusen von Ausländern gemäß § 97 Abs. 2 Aufenthaltsgesetz;227
725500;Straftaten gegen §§ 84, 85 Asylverfahrensgesetz;3493
725510;Straftaten gegen § 84 Asylverfahrensgesetz;58
725520;Straftaten gegen § 85 Asylverfahrensgesetz;3435
725600;Gewerbs- und bandenmäßige Verleitung zur missbräuchlichen Asylantragstellung § 84a Asylverfahrensgesetz;0
725700;Unerlaubter Aufenthalt gemäß § 95 Abs. 1 Nr. 1, 2 und Abs. 2 Nr. 1b Aufenthaltsgesetz;58236
725710;Unerlaubter Aufenthalt gemäß § 95 Abs. 1 Nr. 1 und 2 Aufenthaltsgesetz;56088
725720;Unerlaubter Aufenthalt nach Ausweisung/Abschiebung gemäß § 95 Abs. 2 Nr. 1b Aufenthaltsgesetz;2148
725800;Einreise oder Aufenthalt trotz Versagung des Freizügigkeitsrechts gemäß § 9 Freizügigkeitsgesetz/EU;354
725900;Sonstige Verstöße gegen das Aufenthaltsgesetz;6232
726000;Straftaten gegen das Sprengstoff-, das Waffen- und das Kriegswaffenkontrollgesetz davon:;36552
726100;Straftaten gegen das Sprengstoffgesetz;4612
726200;Straftaten gegen das Waffengesetz;31440
726300;Straftaten gegen das Kriegswaffenkontrollgesetz;500
728000;Straftaten gegen das Bundes- (oder Landes-) Datenschutzgesetz;640
728010;Straftaten gegen Landesdatenschutzgesetz;375
728020;Straftaten gegen das Bundesdatenschutzgesetz;265
730000;Rauschgiftdelikte (soweit nicht bereits mit anderer Schlüsselzahl erfasst) davon:;253525
731000;Allgemeine Verstöße gemäß § 29 BtMG (soweit nicht unter 7340 pp. zu erfassen) davon:;189783
731100;Allgemeiner Verstoß mit Heroin;8978
731200;Allgemeiner Verstoß mit Kokain einschl. Crack;10698
731201;Allgemeiner Verstoß mit Crack;1992
731202;Allgemeiner Verstoß mit Kokain;8706
731300;Allgemeiner Verstoß mit LSD;268
731400;Allgemeiner Verstoß mit Amphetamin/Methamphetamin und deren Derivate in Pulver- oder flüssiger Form;34679
731500;Allgemeiner Verstoß mit Amphetamin/Methamphetamin und deren Derivate in Tabletten- bzw. Kapselform (Ecstasy);4479
731800;Allgemeiner Verstoß mit Cannabis und Zubereitungen;117443
731900;Allgem. Verstoß mit sonstigen Betäubungsmitteln;13238
732000;Unerlaubter Handel mit und Schmuggel von Rauschgiften gemäß § 29 BtMG davon:;44555
732100;Unerlauber Handel mit und Schmuggel von Heroin;2790
732110;Unerlaubter Handel mit Heroin           ;2704
732120;Schmuggel von Heroin;86
732200;Unerlaubter Handel und Schmuggel mit/von Kokain einschl. Crack;3087
732210;Unerlaubter Handel mit Kokain einschl. Crack;2878
732211;Unerlaubter Handel mit Crack;187
732212;Unerlaubter Handel mit Kokain;2691
732220;Schmuggel von Kokain einschl. Crack;209
732221;Schmuggel von Crack;0
732222;Schmuggel von Kokain;209
732300;Schmuggel mit/von LSD;67
732310;Unerlaubter Handel mit LSD           ;60
732320;Schmuggel von LSD;7
732400;Unerlaubter Handel und Schmuggel mit/von Amphetamin/Methamphetamin und deren Derivate in Pulver- oder flüssiger Form;7292
732410;Unerlaubter Handel mit Amphetamin/Methamphetamin und deren Derivaten in Pulver- oder flüssiger Form           ;6354
732420;Schmuggel von Amphetamin/Methamphetamin und deren Derivaten in Pulver- oder flüssiger Form ;938
732500;Unerlaubter Handel und Schmuggel mit/von Amphetamin/Methamphetamin und deren Derivate in Tabletten- bzw.Kapselform (Ecstasy);1359
732510;Unerlaubter Handel mit Amphetamin/Methamphetamin und deren Derivaten in Tabletten- bzw. Kapselform (Ecstasy)             ;1261
732520;Schmuggel von Amphetamin/Methamphetamin und deren Derivaten in Tabletten- bzw. Kapselform (Ecstasy)   ;98
732800;Unerlaubter Handel und Schmuggel mit/von Cannabis und Zubereitungen;26807
732810;Unerlaubter Handel mit Cannabis und Zubereitungen          ;19361
732820;Schmuggel von Cannabis und Zubereitungen;7446
732900;Unerlaubter Handel und Schmuggel mit/von sonstigen Betäubungsmitteln;3153
732910;Unerlaubter Handel mit sonstigen Betäubungsmitteln         ;2908
732920;Schmuggel von sonstigen Betäubungsmitteln;245
733000;Unerlaubte Einfuhr von Betäubungsmitteln gemäß § 30 Abs. 1 Nr. 4 BtMG (in nicht geringer Menge) davon:;2279
733100;Unerlaubte Einfuhr von Heroin;296
733200;Unerlaubte Einfuhr von Kokain einschl. Crack;344
733201;Unerlaubte Einfuhr in nicht geringer Menge von Crack;1
733202;Unerlaubte Einfuhr in nicht geringer Menge von Kokain;343
733300;Unerlaubte Einfuhr von LSD;2
733400;Unerlaubte Einfuhr von Amphetamin/Methamphetamin und deren Derivate in Pulver- oder flüssiger Form;623
733500;Unerlaubte Einfuhr von Amphetamin/Methamphetamin von Amphetamin/Methamphetamin und deren Derivate in Tabletten- bzw. Kapselform (Ecstasy);65
733800;Unerlaubte Einfuhr von Cannabis und Zubereitungen;763
733900;Unerlaubte Einfuhr von sonstigen Betäubungsmitteln;186
734000;Sonstige Verstöße gegen das BtMG davon:;16908
734100;Unerlaubter Anbau von Betäubungsmitteln gemäß § 29 Abs. 1 Nr. 1 BtMG;4734
734200;Betäubungsmittelanbau, -herstellung und -handel als Mitglied einer Bande §§ 30 Abs. 1 Nr. 1, 30a BtMG;711
734210;Verstöße gemäß § 30 Abs. 1 Nr. 1 BtMG;137
734220;Verstöße gemäß § 30a BtMG;574
734300;Bereitstellung von Geldmitteln oder anderen Vermögensgegenständen § 29 Abs. 1 Nr. 13 BtMG;39
734400;Werbung für Betäubungsmittel § 29 Abs. 1 Nr. 8 BtMG;7
734500;"Abgabe, Verabreichung oder Überlassung von Betäubungsmitteln an Minderjährige § 29a Abs. 1 Nr. 1; ggf. § 30 Abs. 1 Nr. 2 BtMG";1860
734510;Abgabe, Verabreichung oder Überlassung von Betäubungsmitteln an Minderjährige § 29a Abs. 1 Nr. 1 BtMG;1727
734520;Gewerbsmäßige Abgabe, Verabreichung oder Überlassung von Betäubungsmitteln an Minderjährige § 30 Abs. 1 Nr. 2 BtMG;133
734600;Leichtfertige Verursachung des Todes eines Anderen durch Abgabe pp. von Betäubungsmitteln § 30 Abs. 1 Nr. 3 BtMG;17
734700;Unerlaubte Verschreibung und Verabreichung durch Ärzte § 29 Abs. 1 Nr. 6 BtMG;122
734800;Unerlaubte(r) Handel, Herstellung, Abgabe und Besitz in nicht geringer Menge von Betäubungsmitteln gemäß § 29a Abs. 1 Nr. 2 BtMG;9418
734810;Unerlaubte(r) Abgabe und Besitz in nicht geringer Menge gemäß § 29a Abs. 1 Nr. 2 BtMG;1998
734811;Unerlaubte(r) Abgabe und Besitz in nicht geringer Menge von Heroin;145
734812;Unerlaubte(r) Abgabe und Besitz in nicht geringer Menge von Kokain einschl. Crack;217
734813;Unerlaubte(r) Abgabe und Besitz in nicht geringer Menge von LSD;5
734814;Unerlaubte(r) Abgabe und Besitz in nicht geringer Menge von Amphetamin/Methamphetamin und deren Derivaten in Pulver- oder flüssiger Form;383
734815;Unerlaubte(r) Abgabe und Besitz in nicht geringer Menge von Amphetamin/Methamphetamin und deren Derivaten in Tabletten- bzw. Kapselform (Ecstasy) ;74
734818;Unerlaubte(r) Abgabe und Besitz in nicht geringer Menge von Cannabis und Zubereitungen;975
734819;Unerlaubte(r) Abgabe und Besitz in nicht geringer Menge von sonstigen Betäubungsmitteln;199
734820;Unerlaubter Handel in nicht geringer Menge gemäß § 29a Abs. 1 Nr. 2 BtMG ;6977
734821;Unerlaubter Handel in nicht geringer Menge von Heroin;541
734822;Unerlaubter Handel in nicht geringer Menge von Kokain einschl. Crack;901
734823;Unerlaubter Handel in nicht geringer Menge von LSD;2
734824;Unerlaubter Handel in nicht geringer Menge von Amphetamin/Methamphetamin und deren Derivaten in Pulver- oder flüssiger Form;1639
734825;Unerlaubter Handel in nicht geringer Menge von Amphetamin/Methamphetamin und deren Derivaten in Tabletten- bzw. Kapselform (Ecstasy) ;223
734828;Unerlaubter Handel in nicht geringer Menge von Cannabis und Zubereitungen;3353
734829;Unerlaubter Handel in nicht geringer Menge von sonstigen Betäubungsmitteln;318
734840;Unerlaubte Herstellung in nicht geringer Menge gemäß § 29a Abs. 1 Nr. 2 BtMG;443
734841;Unerlaubte Herstellung in nicht geringer Menge von Heroin;2
734842;Unerlaubte Herstellung in nicht geringer Menge von Kokain einschl. Crack;5
734843;Unerlaubte Herstellung in nicht geringer Menge von LSD;0
734844;Unerlaubte Herstellung in nicht geringer Menge von Amphetamin/Methamphetamin und deren Derivaten in Pulver- oder flüssiger Form;53
734845;Unerlaubte Herstellung in nicht geringer Menge von Amphetamin/Methamphetamin und deren Derivaten in Tabletten- bzw. Kapselform (Ecstasy) ;4
734848;Unerlaubte Herstellung in nicht geringer Menge von Cannabis und Zubereitungen;363
734849;Unerlaubte Herstellung in nicht geringer Menge von sonstigen Betäubungsmitteln;16
740000;Straftaten gegen strafrechtliche Nebengesetze auf dem Umweltsektor (neben Schlüssel 7160) darunter:;7625
740001;Transplantationsgesetz (unerlaubter Organhandel);3
740002;Hundeverbringungs- und -einfuhrbeschränkungsgesetz;63
740003;Verstoß gegen das Heilpraktikergesetz;109
740079;Sonstiges strafrechtliches Nebengesetz auf dem Umweltsektor (ohne Lebensmittel);101
741000;Straftaten nach dem ChemikalienG;330
741001;Straftaten nach § 27 ChemikalienG i.V.m. der Gefahrstoffverordnung;264
741079;Sonstige Straftaten nach dem ChemikalienG;66
742000;Straftaten nach dem Infektionsschutz- und TierseuchenG;30
742010;Infektionsschutzgesetz;11
742020;Tierseuchengesetz;19
743000;Straftaten nach dem Bundesnaturschutz-, Tierschutz-, Bundesjagd- und PflanzenschutzG;6989
743010;Bundesnaturschutzgesetz;325
743020;Tierschutzgesetz;6573
743030;Bundesjagdgesetz;84
743040;Pflanzenschutzgesetz;7
890000;Straftaten insgesamt, jedoch ohne Verstöße gegen das Aufenthalts-, das Asylverfahrens- und das Freizügigkeitsgesetz/EU (Schlüssel 7250);5851107
891000;Rauschgiftkriminalität darunter:;255616
891100;direkte Beschaffungskriminalität;2091
892000;Gewaltkriminalität;184847
892500;Mord und Totschlag;2122
893000;Wirtschaftskriminalität und zwar:;71663
893100;Wirtschaftskriminalität bei Betrug;38357
893200;Insolvenzstraftaten gemäß StGB und Nebenstrafrecht (Wikri);11087
893300;Wirtschaftkriminalität im Anlage- und Finanzierungsbereich pp.;7527
893400;Wettbewerbsdelikte (Wikri);2381
893500;Wirtschaftskriminalität im Zusammenhang mit Arbeitsverhältnissen;10041
893600;Betrug und Untreue im Zusammenhang mit Beteiligungen und Kapitalanlagen (Wikri);6503
895000;Menschenhandel insgesamt;613
896000;Straftaten gegen Bestimmungen zum Schutze der Jugend;1098
897000;Computerkriminalität;88722
898000;Umweltkriminalität;31388
898100;Umweltstraftaten gemäß 29. Abschnitt des StGB;12333
898200;Sonstige Straftaten nach dem StGB mit Umweltrelevanz;4317
898300;Umweltstraftaten gemäß strafrechtlichen Nebengesetzen;14738
899000;Straßenkriminalität;1309807
899500;Sachbeschädigung durch Graffiti insgesamt;97900
972500;Unerlaubt eingereiste/aufhältige Personen (SZ: 725100, 725700);92032
980100;IuK-Kriminalität im engeren Sinne (SZ: 517500, 517900, 543000, 674200, 678000);64426
